Location,2030,2031,2032,2033,2034,2035,2036,2037,2038,2039,2040,2041,2042,2043,2044,2045,2046,2047,2048,2049,2050,2051,2052,2053,2054,2055,2056,2057,2058,2059,2060,2061,2062,2063,2064,2065,2066,2067,2068,2069,2070,2071,2072,2073,2074,2075,2076,2077,2078,2079,2080,2081,2082,2083,2084,2085,2086,2087,2088,2089,2090,2091,2092,2093,2094,2095,2096,2097,2098,2099,2100
Sub-saharan africa,376.6484412,363.9231118,356.1043916,350.533196,346.2410018,342.769566,339.8670854,337.3808949,335.2117227,333.2915333,331.5717491,330.0165266,328.5986953,327.2971892,326.0953599,324.9798324,323.9397066,322.9659875,322.0511693,321.1889274,320.3738843,319.6014321,318.8675929,318.1689107,317.5023644,316.8652985,316.2553671,315.6704881,315.1088053,314.5686571,314.0485509,313.5471407,313.063209,312.5956509,312.1434612,311.7057222,311.2815945,310.8703082,310.4711556,310.0834847,309.7066934,309.3402251,308.9835635,308.6362297,308.2977779,307.9677931,307.645888,307.3317007,307.0248926,306.7251464,306.4321644,306.1456669,305.8653908,305.5910885,305.3225264,305.0594842,304.8017535,304.5491375,304.3014498,304.0585137,303.8201619,303.5862351,303.3565825,303.1310605,302.9095323,302.6918678,302.4779431,302.2676399,302.0608453,301.8574514,301.6573554
Other eurasia,401.2384516,388.5131222,380.694402,375.1232065,370.8310122,367.3595764,364.4570958,361.9709054,359.8017331,357.8815437,356.1617595,354.6065371,353.1887058,351.8871996,350.6853704,349.5698429,348.5297171,347.5559979,346.6411798,345.7789378,344.9638948,344.1914425,343.4576034,342.7589212,342.0923748,341.4553089,340.8453776,340.2604986,339.6988157,339.1586676,338.6385613,338.1371511,337.6532194,337.1856614,336.7334716,336.2957326,335.8716049,335.4603186,335.061166,334.6734951,334.2967039,333.9302355,333.573574,333.2262401,332.8877883,332.5578035,332.2358984,331.9217111,331.614903,331.3151568,331.0221748,330.7356773,330.4554013,330.181099,329.9125369,329.6494946,329.3917639,329.139148,328.8914602,328.6485242,328.4101723,328.1762456,327.946593,327.7210709,327.4995427,327.2818783,327.0679536,326.8576503,326.6508557,326.4474619,326.2473659
Other latin america,410.0129766,397.2876472,389.4689269,383.8977314,379.6055372,376.1341013,373.2316208,370.7454303,368.5762581,366.6560686,364.9362845,363.381062,361.9632307,360.6617245,359.4598953,358.3443678,357.304242,356.3305228,355.4157047,354.5534627,353.7384197,352.9659675,352.2321283,351.5334461,350.8668998,350.2298339,349.6199025,349.0350235,348.4733407,347.9331925,347.4130863,346.9116761,346.4277444,345.9601863,345.5079966,345.0702575,344.6461298,344.2348436,343.835691,343.4480201,343.0712288,342.7047605,342.3480989,342.0007651,341.6623133,341.3323285,341.0104234,340.6962361,340.389428,340.0896818,339.7966997,339.5102022,339.2299262,338.9556239,338.6870618,338.4240196,338.1662889,337.9136729,337.6659852,337.4230491,337.1846972,336.9507705,336.7211179,336.4955959,336.2740677,336.0564032,335.8424785,335.6321753,335.4253806,335.2219868,335.0218908
Middle east,365.5109419,352.7856125,344.9668923,339.3956968,335.1035025,331.6320667,328.7295861,326.2433957,324.0742234,322.154034,320.4342498,318.8790274,317.461196,316.1596899,314.9578607,313.8423332,312.8022074,311.8284882,310.9136701,310.0514281,309.2363851,308.4639328,307.7300937,307.0314115,306.3648651,305.7277992,305.1178679,304.5329889,303.971306,303.4311579,302.9110516,302.4096414,301.9257097,301.4581517,301.0059619,300.5682229,300.1440952,299.7328089,299.3336563,298.9459854,298.5691942,298.2027258,297.8460643,297.4987304,297.1602786,296.8302938,296.5083887,296.1942014,295.8873933,295.5876471,295.2946651,295.0081676,294.7278916,294.4535893,294.1850272,293.9219849,293.6642542,293.4116382,293.1639505,292.9210145,292.6826626,292.4487359,292.2190833,291.9935612,291.772033,291.5543686,291.3404439,291.1301406,290.923346,290.7199522,290.5198562
Other Asia pacific,386.5695299,373.8442005,366.0254803,360.4542848,356.1620905,352.6906547,349.7881741,347.3019836,345.1328114,343.212622,341.4928378,339.9376154,338.519784,337.2182779,336.0164486,334.9009212,333.8607953,332.8870762,331.972258,331.1100161,330.294973,329.5225208,328.7886817,328.0899995,327.4234531,326.7863872,326.1764558,325.5915769,325.029894,324.4897458,323.9696396,323.4682294,322.9842977,322.5167397,322.0645499,321.6268109,321.2026832,320.7913969,320.3922443,320.0045734,319.6277822,319.2613138,318.9046522,318.5573184,318.2188666,317.8888818,317.5669767,317.2527894,316.9459813,316.6462351,316.3532531,316.0667556,315.7864795,315.5121772,315.2436152,314.9805729,314.7228422,314.4702262,314.2225385,313.9796025,313.7412506,313.5073238,313.2776713,313.0521492,312.830621,312.6129566,312.3990319,312.1887286,311.981934,311.7785402,311.5784441
Argentina,398.6156367,385.8903073,378.0715871,372.5003916,368.2081973,364.7367615,361.8342809,359.3480905,357.1789182,355.2587288,353.5389446,351.9837222,350.5658909,349.2643847,348.0625555,346.947028,345.9069022,344.933183,344.0183649,343.1561229,342.3410799,341.5686276,340.8347885,340.1361063,339.4695599,338.832494,338.2225627,337.6376837,337.0760008,336.5358527,336.0157464,335.5143362,335.0304045,334.5628465,334.1106567,333.6729177,333.24879,332.8375037,332.4383511,332.0506802,331.673889,331.3074206,330.9507591,330.6034252,330.2649734,329.9349886,329.6130835,329.2988962,328.9920881,328.6923419,328.3993599,328.1128624,327.8325864,327.5582841,327.289722,327.0266797,326.768949,326.5163331,326.2686453,326.0257093,325.7873574,325.5534307,325.3237781,325.098256,324.8767278,324.6590634,324.4451387,324.2348354,324.0280408,323.824647,323.624551
Australia,407.9610922,395.2357628,387.4170426,381.8458471,377.5536528,374.082217,371.1797364,368.693546,366.5243737,364.6041843,362.8844001,361.3291777,359.9113463,358.6098402,357.4080109,356.2924835,355.2523577,354.2786385,353.3638204,352.5015784,351.6865354,350.9140831,350.180244,349.4815618,348.8150154,348.1779495,347.5680182,346.9831392,346.4214563,345.8813081,345.3612019,344.8597917,344.37586,343.908302,343.4561122,343.0183732,342.5942455,342.1829592,341.7838066,341.3961357,341.0193445,340.6528761,340.2962146,339.9488807,339.6104289,339.2804441,338.958539,338.6443517,338.3375436,338.0377974,337.7448154,337.4583179,337.1780418,336.9037396,336.6351775,336.3721352,336.1144045,335.8617885,335.6141008,335.3711648,335.1328129,334.8988862,334.6692336,334.4437115,334.2221833,334.0045189,333.7905942,333.5802909,333.3734963,333.1701025,332.9700064
Belgium,421.7474922,409.0221628,401.2034426,395.6322471,391.3400528,387.868617,384.9661364,382.4799459,380.3107737,378.3905843,376.6708001,375.1155777,373.6977463,372.3962402,371.1944109,370.0788835,369.0387576,368.0650385,367.1502203,366.2879784,365.4729353,364.7004831,363.966644,363.2679618,362.6014154,361.9643495,361.3544181,360.7695391,360.2078563,359.6677081,359.1476019,358.6461917,358.16226,357.6947019,357.2425122,356.8047732,356.3806455,355.9693592,355.5702066,355.1825357,354.8057445,354.4392761,354.0826145,353.7352807,353.3968289,353.0668441,352.744939,352.4307517,352.1239436,351.8241974,351.5312154,351.2447179,350.9644418,350.6901395,350.4215775,350.1585352,349.9008045,349.6481885,349.4005008,349.1575648,348.9192129,348.6852861,348.4556336,348.2301115,348.0085833,347.7909189,347.5769941,347.3666909,347.1598963,346.9565024,346.7564064
Brazil,381.6153203,368.8899909,361.0712706,355.5000751,351.2078809,347.736445,344.8339645,342.347774,340.1786018,338.2584123,336.5386282,334.9834057,333.5655744,332.2640683,331.062239,329.9467115,328.9065857,327.9328665,327.0180484,326.1558064,325.3407634,324.5683112,323.834472,323.1357898,322.4692435,321.8321776,321.2222462,320.6373672,320.0756844,319.5355362,319.01543,318.5140198,318.0300881,317.56253,317.1103403,316.6726012,316.2484735,315.8371873,315.4380347,315.0503638,314.6735725,314.3071042,313.9504426,313.6031088,313.264657,312.9346722,312.6127671,312.2985798,311.9917717,311.6920255,311.3990434,311.1125459,310.8322699,310.5579676,310.2894055,310.0263633,309.7686326,309.5160166,309.2683289,309.0253928,308.7870409,308.5531142,308.3234616,308.0979396,307.8764114,307.6587469,307.4448222,307.234519,307.0277243,306.8243305,306.6242345
Canada,421.6442883,408.9189589,401.1002387,395.5290432,391.2368489,387.7654131,384.8629325,382.3767421,380.2075698,378.2873804,376.5675962,375.0123738,373.5945424,372.2930363,371.091207,369.9756796,368.9355538,367.9618346,367.0470165,366.1847745,365.3697315,364.5972792,363.8634401,363.1647579,362.4982115,361.8611456,361.2512143,360.6663353,360.1046524,359.5645042,359.044398,358.5429878,358.0590561,357.5914981,357.1393083,356.7015693,356.2774416,355.8661553,355.4670027,355.0793318,354.7025406,354.3360722,353.9794107,353.6320768,353.293625,352.9636402,352.6417351,352.3275478,352.0207397,351.7209935,351.4280115,351.141514,350.8612379,350.5869357,350.3183736,350.0553313,349.7976006,349.5449846,349.2972969,349.0543609,348.816009,348.5820823,348.3524297,348.1269076,347.9053794,347.687715,347.4737903,347.263487,347.0566924,346.8532986,346.6532025
China,403.3874316,390.6621021,382.8433819,377.2721864,372.9799921,369.5085563,366.6060757,364.1198853,361.9507131,360.0305236,358.3107394,356.755517,355.3376857,354.0361795,352.8343503,351.7188228,350.678697,349.7049778,348.7901597,347.9279177,347.1128747,346.3404225,345.6065833,344.9079011,344.2413548,343.6042888,342.9943575,342.4094785,341.8477956,341.3076475,340.7875413,340.286131,339.8021993,339.3346413,338.8824515,338.4447125,338.0205848,337.6092985,337.210146,336.822475,336.4456838,336.0792154,335.7225539,335.37522,335.0367682,334.7067834,334.3848783,334.070691,333.7638829,333.4641367,333.1711547,332.8846572,332.6043812,332.3300789,332.0615168,331.7984745,331.5407439,331.2881279,331.0404402,330.7975041,330.5591522,330.3252255,330.0955729,329.8700508,329.6485226,329.4308582,329.2169335,329.0066303,328.7998356,328.5964418,328.3963458
Denmark,435.7216911,422.9963616,415.1776414,409.6064459,405.3142517,401.8428158,398.9403353,396.4541448,394.2849726,392.3647831,390.644999,389.0897765,387.6719452,386.370439,385.1686098,384.0530823,383.0129565,382.0392373,381.1244192,380.2621772,379.4471342,378.674682,377.9408428,377.2421606,376.5756143,375.9385484,375.328617,374.743738,374.1820552,373.641907,373.1218008,372.6203906,372.1364588,371.6689008,371.216711,370.778972,370.3548443,369.9435581,369.5444055,369.1567345,368.7799433,368.413475,368.0568134,367.7094795,367.3710278,367.041043,366.7191378,366.4049506,366.0981425,365.7983962,365.5054142,365.2189167,364.9386407,364.6643384,364.3957763,364.1327341,363.8750034,363.6223874,363.3746997,363.1317636,362.8934117,362.659485,362.4298324,362.2043104,361.9827822,361.7651177,361.551193,361.3408898,361.1340951,360.9307013,360.7306053
Egypt,365.5109419,352.7856125,344.9668923,339.3956968,335.1035025,331.6320667,328.7295861,326.2433957,324.0742234,322.154034,320.4342498,318.8790274,317.461196,316.1596899,314.9578607,313.8423332,312.8022074,311.8284882,310.9136701,310.0514281,309.2363851,308.4639328,307.7300937,307.0314115,306.3648651,305.7277992,305.1178679,304.5329889,303.971306,303.4311579,302.9110516,302.4096414,301.9257097,301.4581517,301.0059619,300.5682229,300.1440952,299.7328089,299.3336563,298.9459854,298.5691942,298.2027258,297.8460643,297.4987304,297.1602786,296.8302938,296.5083887,296.1942014,295.8873933,295.5876471,295.2946651,295.0081676,294.7278916,294.4535893,294.1850272,293.9219849,293.6642542,293.4116382,293.1639505,292.9210145,292.6826626,292.4487359,292.2190833,291.9935612,291.772033,291.5543686,291.3404439,291.1301406,290.923346,290.7199522,290.5198562
Finland,471.1008802,458.3755508,450.5568306,444.9856351,440.6934408,437.222005,434.3195244,431.833334,429.6641617,427.7439723,426.0241881,424.4689657,423.0511343,421.7496282,420.547799,419.4322715,418.3921457,417.4184265,416.5036084,415.6413664,414.8263234,414.0538711,413.320032,412.6213498,411.9548034,411.3177375,410.7078062,410.1229272,409.5612443,409.0210962,408.5009899,407.9995797,407.515648,407.04809,406.5959002,406.1581612,405.7340335,405.3227472,404.9235946,404.5359237,404.1591325,403.7926641,403.4360026,403.0886687,402.7502169,402.4202321,402.098327,401.7841397,401.4773316,401.1775854,400.8846034,400.5981059,400.3178299,400.0435276,399.7749655,399.5119232,399.2541925,399.0015765,398.7538888,398.5109528,398.2726009,398.0386742,397.8090216,397.5834995,397.3619713,397.1443069,396.9303822,396.7200789,396.5132843,396.3098905,396.1097945
France,416.8296079,404.1042785,396.2855583,390.7143628,386.4221685,382.9507327,380.0482521,377.5620617,375.3928894,373.4727,371.7529158,370.1976934,368.779862,367.4783559,366.2765267,365.1609992,364.1208734,363.1471542,362.2323361,361.3700941,360.5550511,359.7825988,359.0487597,358.3500775,357.6835311,357.0464652,356.4365339,355.8516549,355.289972,354.7498239,354.2297176,353.7283074,353.2443757,352.7768177,352.3246279,351.8868889,351.4627612,351.0514749,350.6523223,350.2646514,349.8878602,349.5213918,349.1647303,348.8173964,348.4789446,348.1489598,347.8270547,347.5128674,347.2060593,346.9063131,346.6133311,346.3268336,346.0465576,345.7722553,345.5036932,345.2406509,344.9829202,344.7303042,344.4826165,344.2396805,344.0013286,343.7674019,343.5377493,343.3122272,343.090699,342.8730346,342.6591099,342.4488066,342.242012,342.0386182,341.8385222
Germany,414.6191632,401.8938337,394.0751135,388.503918,384.2117237,380.7402879,377.8378073,375.3516169,373.1824447,371.2622552,369.542471,367.9872486,366.5694173,365.2679111,364.0660819,362.9505544,361.9104286,360.9367094,360.0218913,359.1596493,358.3446063,357.5721541,356.8383149,356.1396327,355.4730864,354.8360205,354.2260891,353.6412101,353.0795272,352.5393791,352.0192729,351.5178627,351.0339309,350.5663729,350.1141831,349.6764441,349.2523164,348.8410301,348.4418776,348.0542066,347.6774154,347.310947,346.9542855,346.6069516,346.2684998,345.938515,345.6166099,345.3024226,344.9956145,344.6958683,344.4028863,344.1163888,343.8361128,343.5618105,343.2932484,343.0302061,342.7724755,342.5198595,342.2721718,342.0292357,341.7908838,341.5569571,341.3273045,341.1017824,340.8802543,340.6625898,340.4486651,340.2383619,340.0315672,339.8281734,339.6280774
Iceland,480.8049674,468.079638,460.2609177,454.6897222,450.397528,446.9260921,444.0236116,441.5374211,439.3682489,437.4480595,435.7282753,434.1730528,432.7552215,431.4537154,430.2518861,429.1363586,428.0962328,427.1225137,426.2076955,425.3454536,424.5304105,423.7579583,423.0241191,422.3254369,421.6588906,421.0218247,420.4118933,419.8270143,419.2653315,418.7251833,418.2050771,417.7036669,417.2197352,416.7521771,416.2999874,415.8622483,415.4381206,415.0268344,414.6276818,414.2400109,413.8632196,413.4967513,413.1400897,412.7927559,412.4543041,412.1243193,411.8024142,411.4882269,411.1814188,410.8816726,410.5886906,410.3021931,410.021917,409.7476147,409.4790526,409.2160104,408.9582797,408.7056637,408.457976,408.2150399,407.976688,407.7427613,407.5131087,407.2875867,407.0660585,406.848394,406.6344693,406.4241661,406.2173715,406.0139776,405.8138816
India,368.8536828,356.1283534,348.3096331,342.7384376,338.4462434,334.9748075,332.072327,329.5861365,327.4169643,325.4967749,323.7769907,322.2217682,320.8039369,319.5024308,318.3006015,317.185074,316.1449482,315.171229,314.2564109,313.3941689,312.5791259,311.8066737,311.0728345,310.3741523,309.707606,309.0705401,308.4606087,307.8757297,307.3140469,306.7738987,306.2537925,305.7523823,305.2684506,304.8008925,304.3487028,303.9109637,303.486836,303.0755498,302.6763972,302.2887263,301.911935,301.5454667,301.1888051,300.8414713,300.5030195,300.1730347,299.8511296,299.5369423,299.2301342,298.930388,298.6374059,298.3509084,298.0706324,297.7963301,297.527768,297.2647258,297.0069951,296.7543791,296.5066914,296.2637553,296.0254034,295.7914767,295.5618241,295.3363021,295.1147739,294.8971094,294.6831847,294.4728815,294.2660869,294.062693,293.862597
Indonesia,374.494854,361.7695246,353.9508044,348.3796089,344.0874146,340.6159788,337.7134982,335.2273078,333.0581355,331.1379461,329.4181619,327.8629395,326.4451082,325.143602,323.9417728,322.8262453,321.7861195,320.8124003,319.8975822,319.0353402,318.2202972,317.4478449,316.7140058,316.0153236,315.3487772,314.7117113,314.10178,313.516901,312.9552181,312.41507,311.8949637,311.3935535,310.9096218,310.4420638,309.989874,309.552135,309.1280073,308.716721,308.3175684,307.9298975,307.5531063,307.1866379,306.8299764,306.4826425,306.1441907,305.8142059,305.4923008,305.1781135,304.8713054,304.5715592,304.2785772,303.9920797,303.7118037,303.4375014,303.1689393,302.905897,302.6481663,302.3955504,302.1478626,301.9049266,301.6665747,301.432648,301.2029954,300.9774733,300.7559451,300.5382807,300.324356,300.1140527,299.9072581,299.7038643,299.5037683
Iran,384.2826086,371.5572792,363.738559,358.1673635,353.8751692,350.4037334,347.5012528,345.0150624,342.8458901,340.9257007,339.2059165,337.6506941,336.2328628,334.9313566,333.7295274,332.6139999,331.5738741,330.6001549,329.6853368,328.8230948,328.0080518,327.2355995,326.5017604,325.8030782,325.1365318,324.4994659,323.8895346,323.3046556,322.7429727,322.2028246,321.6827183,321.1813081,320.6973764,320.2298184,319.7776286,319.3398896,318.9157619,318.5044756,318.105323,317.7176521,317.3408609,316.9743925,316.617731,316.2703971,315.9319453,315.6019605,315.2800554,314.9658681,314.65906,314.3593138,314.0663318,313.7798343,313.4995583,313.225256,312.9566939,312.6936516,312.435921,312.183305,311.9356172,311.6926812,311.4543293,311.2204026,310.99075,310.7652279,310.5436997,310.3260353,310.1121106,309.9018073,309.6950127,309.4916189,309.2915229
Ireland,429.5249078,416.7995784,408.9808582,403.4096627,399.1174684,395.6460326,392.743552,390.2573615,388.0881893,386.1679999,384.4482157,382.8929932,381.4751619,380.1736558,378.9718265,377.856299,376.8161732,375.8424541,374.9276359,374.065394,373.2503509,372.4778987,371.7440596,371.0453774,370.378831,369.7417651,369.1318337,368.5469547,367.9852719,367.4451237,366.9250175,366.4236073,365.9396756,365.4721175,365.0199278,364.5821888,364.1580611,363.7467748,363.3476222,362.9599513,362.58316,362.2166917,361.8600301,361.5126963,361.1742445,360.8442597,360.5223546,360.2081673,359.9013592,359.601613,359.308631,359.0221335,358.7418574,358.4675551,358.1989931,357.9359508,357.6782201,357.4256041,357.1779164,356.9349804,356.6966285,356.4627017,356.2330492,356.0075271,355.7859989,355.5683345,355.3544097,355.1441065,354.9373119,354.733918,354.533822
Italy,399.2179616,386.4926322,378.673912,373.1027165,368.8105222,365.3390864,362.4366058,359.9504154,357.7812431,355.8610537,354.1412695,352.5860471,351.1682158,349.8667096,348.6648804,347.5493529,346.5092271,345.5355079,344.6206898,343.7584478,342.9434048,342.1709525,341.4371134,340.7384312,340.0718848,339.4348189,338.8248876,338.2400086,337.6783257,337.1381776,336.6180713,336.1166611,335.6327294,335.1651714,334.7129816,334.2752426,333.8511149,333.4398286,333.040676,332.6530051,332.2762139,331.9097455,331.553084,331.2057501,330.8672983,330.5373135,330.2154084,329.9012211,329.594413,329.2946668,329.0016848,328.7151873,328.4349113,328.160609,327.8920469,327.6290046,327.3712739,327.118658,326.8709702,326.6280342,326.3896823,326.1557556,325.926103,325.7005809,325.4790527,325.2613883,325.0474636,324.8371603,324.6303657,324.4269719,324.2268759
Japan,400.4887575,387.7634281,379.9447079,374.3735124,370.0813181,366.6098823,363.7074017,361.2212112,359.052039,357.1318496,355.4120654,353.856843,352.4390116,351.1375055,349.9356762,348.8201488,347.7800229,346.8063038,345.8914856,345.0292437,344.2142006,343.4417484,342.7079093,342.0092271,341.3426807,340.7056148,340.0956834,339.5108044,338.9491216,338.4089734,337.8888672,337.387457,336.9035253,336.4359673,335.9837775,335.5460385,335.1219108,334.7106245,334.3114719,333.923801,333.5470098,333.1805414,332.8238798,332.476546,332.1380942,331.8081094,331.4862043,331.172017,330.8652089,330.5654627,330.2724807,329.9859832,329.7057071,329.4314048,329.1628428,328.8998005,328.6420698,328.3894538,328.1417661,327.8988301,327.6604782,327.4265514,327.1968989,326.9713768,326.7498486,326.5321842,326.3182595,326.1079562,325.9011616,325.6977678,325.4976717
Malaysia,380.4084296,367.6831002,359.8643799,354.2931844,350.0009902,346.5295543,343.6270738,341.1408833,338.9717111,337.0515216,335.3317375,333.776515,332.3586837,331.0571775,329.8553483,328.7398208,327.699695,326.7259758,325.8111577,324.9489157,324.1338727,323.3614205,322.6275813,321.9288991,321.2623528,320.6252869,320.0153555,319.4304765,318.8687937,318.3286455,317.8085393,317.3071291,316.8231974,316.3556393,315.9034496,315.4657105,315.0415828,314.6302966,314.231144,313.8434731,313.4666818,313.1002135,312.7435519,312.396218,312.0577663,311.7277815,311.4058764,311.0916891,310.784881,310.4851348,310.1921527,309.9056552,309.6253792,309.3510769,309.0825148,308.8194726,308.5617419,308.3091259,308.0614382,307.8185021,307.5801502,307.3462235,307.1165709,306.8910489,306.6695207,306.4518562,306.2379315,306.0276283,305.8208336,305.6174398,305.4173438
Mexico,392.7726539,380.0473245,372.2286042,366.6574087,362.3652145,358.8937786,355.9912981,353.5051076,351.3359354,349.4157459,347.6959618,346.1407393,344.722908,343.4214018,342.2195726,341.1040451,340.0639193,339.0902001,338.175382,337.31314,336.498097,335.7256448,334.9918056,334.2931234,333.6265771,332.9895112,332.3795798,331.7947008,331.233018,330.6928698,330.1727636,329.6713534,329.1874216,328.7198636,328.2676738,327.8299348,327.4058071,326.9945209,326.5953683,326.2076973,325.8309061,325.4644378,325.1077762,324.7604423,324.4219906,324.0920058,323.7701007,323.4559134,323.1491053,322.8493591,322.556377,322.2698795,321.9896035,321.7153012,321.4467391,321.1836969,320.9259662,320.6733502,320.4256625,320.1827264,319.9443745,319.7104478,319.4807952,319.2552732,319.033745,318.8160805,318.6021558,318.3918526,318.1850579,317.9816641,317.7815681
Netherlands,426.7320016,414.0066722,406.187952,400.6167565,396.3245622,392.8531264,389.9506458,387.4644554,385.2952831,383.3750937,381.6553095,380.1000871,378.6822557,377.3807496,376.1789203,375.0633929,374.0232671,373.0495479,372.1347298,371.2724878,370.4574448,369.6849925,368.9511534,368.2524712,367.5859248,366.9488589,366.3389276,365.7540486,365.1923657,364.6522175,364.1321113,363.6307011,363.1467694,362.6792114,362.2270216,361.7892826,361.3651549,360.9538686,360.554716,360.1670451,359.7902539,359.4237855,359.067124,358.7197901,358.3813383,358.0513535,357.7294484,357.4152611,357.108453,356.8087068,356.5157248,356.2292273,355.9489513,355.674649,355.4060869,355.1430446,354.8853139,354.6326979,354.3850102,354.1420742,353.9037223,353.6697956,353.440143,353.2146209,352.9930927,352.7754283,352.5615036,352.3512003,352.1444057,351.9410119,351.7409158
New Zealand,411.8933435,399.1680141,391.3492939,385.7780983,381.4859041,378.0144683,375.1119877,372.6257972,370.456625,368.5364356,366.8166514,365.2614289,363.8435976,362.5420915,361.3402622,360.2247347,359.1846089,358.2108898,357.2960716,356.4338297,355.6187866,354.8463344,354.1124952,353.413813,352.7472667,352.1102008,351.5002694,350.9153904,350.3537076,349.8135594,349.2934532,348.792043,348.3081113,347.8405532,347.3883635,346.9506245,346.5264968,346.1152105,345.7160579,345.328387,344.9515957,344.5851274,344.2284658,343.881132,343.5426802,343.2126954,342.8907903,342.576603,342.2697949,341.9700487,341.6770667,341.3905692,341.1102931,340.8359908,340.5674287,340.3043865,340.0466558,339.7940398,339.5463521,339.303416,339.0650642,338.8311374,338.6014848,338.3759628,338.1544346,337.9367702,337.7228454,337.5125422,337.3057476,337.1023537,336.9022577
Norway,455.344096,442.6187666,434.8000464,429.2288509,424.9366566,421.4652208,418.5627402,416.0765497,413.9073775,411.9871881,410.2674039,408.7121814,407.2943501,405.992844,404.7910147,403.6754872,402.6353614,401.6616423,400.7468241,399.8845822,399.0695391,398.2970869,397.5632478,396.8645656,396.1980192,395.5609533,394.9510219,394.3661429,393.8044601,393.2643119,392.7442057,392.2427955,391.7588638,391.2913057,390.839116,390.401377,389.9772493,389.565963,389.1668104,388.7791395,388.4023482,388.0358799,387.6792183,387.3318845,386.9934327,386.6634479,386.3415428,386.0273555,385.7205474,385.4208012,385.1278192,384.8413217,384.5610456,384.2867433,384.0181813,383.755139,383.4974083,383.2447923,382.9971046,382.7541685,382.5158167,382.2818899,382.0522374,381.8267153,381.6051871,381.3875227,381.1735979,380.9632947,380.7565001,380.5531062,380.3530102
Pakistan,379.9123793,367.1870499,359.3683297,353.7971341,349.5049399,346.0335041,343.1310235,340.644833,338.4756608,336.5554714,334.8356872,333.2804647,331.8626334,330.5611273,329.359298,328.2437705,327.2036447,326.2299256,325.3151074,324.4528655,323.6378224,322.8653702,322.131531,321.4328488,320.7663025,320.1292366,319.5193052,318.9344262,318.3727434,317.8325952,317.312489,316.8110788,316.3271471,315.859589,315.4073993,314.9696603,314.5455326,314.1342463,313.7350937,313.3474228,312.9706315,312.6041632,312.2475016,311.9001678,311.561716,311.2317312,310.9098261,310.5956388,310.2888307,309.9890845,309.6961025,309.409605,309.1293289,308.8550266,308.5864645,308.3234223,308.0656916,307.8130756,307.5653879,307.3224518,307.0841,306.8501732,306.6205206,306.3949986,306.1734704,305.9558059,305.7418812,305.531578,305.3247834,305.1213895,304.9212935
Poland,415.6411766,402.9158472,395.097127,389.5259315,385.2337372,381.7623014,378.8598208,376.3736304,374.2044581,372.2842687,370.5644845,369.0092621,367.5914308,366.2899246,365.0880954,363.9725679,362.9324421,361.9587229,361.0439048,360.1816628,359.3666198,358.5941675,357.8603284,357.1616462,356.4950998,355.8580339,355.2481026,354.6632236,354.1015407,353.5613926,353.0412863,352.5398761,352.0559444,351.5883864,351.1361966,350.6984576,350.2743299,349.8630436,349.463891,349.0762201,348.6994289,348.3329605,347.976299,347.6289651,347.2905133,346.9605285,346.6386234,346.3244361,346.017628,345.7178818,345.4248998,345.1384023,344.8581263,344.583824,344.3152619,344.0522196,343.7944889,343.541873,343.2941852,343.0512492,342.8128973,342.5789706,342.349318,342.1237959,341.9022677,341.6846033,341.4706786,341.2603753,341.0535807,340.8501869,340.6500909
Portugal,397.1927415,384.4674121,376.6486919,371.0774964,366.7853021,363.3138663,360.4113857,357.9251952,355.756023,353.8358336,352.1160494,350.5608269,349.1429956,347.8414895,346.6396602,345.5241327,344.4840069,343.5102878,342.5954696,341.7332277,340.9181846,340.1457324,339.4118933,338.7132111,338.0466647,337.4095988,336.7996674,336.2147884,335.6531056,335.1129574,334.5928512,334.091441,333.6075093,333.1399512,332.6877615,332.2500225,331.8258948,331.4146085,331.0154559,330.627785,330.2509937,329.8845254,329.5278638,329.18053,328.8420782,328.5120934,328.1901883,327.876001,327.5691929,327.2694467,326.9764647,326.6899672,326.4096911,326.1353888,325.8668268,325.6037845,325.3460538,325.0934378,324.8457501,324.602814,324.3644622,324.1305354,323.9008829,323.6753608,323.4538326,323.2361682,323.0222434,322.8119402,322.6051456,322.4017517,322.2016557
Russia,436.9976625,424.2723331,416.4536129,410.8824174,406.5902231,403.1187873,400.2163067,397.7301163,395.560944,393.6407546,391.9209704,390.365748,388.9479166,387.6464105,386.4445812,385.3290538,384.288928,383.3152088,382.4003906,381.5381487,380.7231056,379.9506534,379.2168143,378.5181321,377.8515857,377.2145198,376.6045885,376.0197095,375.4580266,374.9178784,374.3977722,373.896362,373.4124303,372.9448723,372.4926825,372.0549435,371.6308158,371.2195295,370.8203769,370.432706,370.0559148,369.6894464,369.3327849,368.985451,368.6469992,368.3170144,367.9951093,367.680922,367.3741139,367.0743677,366.7813857,366.4948882,366.2146121,365.9403098,365.6717478,365.4087055,365.1509748,364.8983588,364.6506711,364.4077351,364.1693832,363.9354565,363.7058039,363.4802818,363.2587536,363.0410892,362.8271645,362.6168612,362.4100666,362.2066728,362.0065767
Saudi Arabia,350.2667209,337.5413915,329.7226713,324.1514758,319.8592815,316.3878457,313.4853651,310.9991746,308.8300024,306.909813,305.1900288,303.6348063,302.216975,300.9154689,299.7136396,298.5981122,297.5579863,296.5842672,295.669449,294.8072071,293.992164,293.2197118,292.4858727,291.7871905,291.1206441,290.4835782,289.8736468,289.2887678,288.727085,288.1869368,287.6668306,287.1654204,286.6814887,286.2139306,285.7617409,285.3240019,284.8998742,284.4885879,284.0894353,283.7017644,283.3249731,282.9585048,282.6018432,282.2545094,281.9160576,281.5860728,281.2641677,280.9499804,280.6431723,280.3434261,280.0504441,279.7639466,279.4836705,279.2093682,278.9408062,278.6777639,278.4200332,278.1674172,277.9197295,277.6767935,277.4384416,277.2045148,276.9748623,276.7493402,276.527812,276.3101476,276.0962228,275.8859196,275.679125,275.4757311,275.2756351
South Africa,381.7715935,369.046264,361.2275438,355.6563483,351.364154,347.8927182,344.9902377,342.5040472,340.334875,338.4146855,336.6949013,335.1396789,333.7218476,332.4203414,331.2185122,330.1029847,329.0628589,328.0891397,327.1743216,326.3120796,325.4970366,324.7245844,323.9907452,323.292063,322.6255167,321.9884508,321.3785194,320.7936404,320.2319576,319.6918094,319.1717032,318.670293,318.1863612,317.7188032,317.2666134,316.8288744,316.4047467,315.9934604,315.5943079,315.2066369,314.8298457,314.4633773,314.1067158,313.7593819,313.4209301,313.0909453,312.7690402,312.4548529,312.1480448,311.8482986,311.5553166,311.2688191,310.9885431,310.7142408,310.4456787,310.1826364,309.9249058,309.6722898,309.4246021,309.181666,308.9433141,308.7093874,308.4797348,308.2542127,308.0326846,307.8150201,307.6010954,307.3907922,307.1839975,306.9806037,306.7805077
South Korea,408.4937918,395.7684624,387.9497422,382.3785467,378.0863524,374.6149166,371.712436,369.2262455,367.0570733,365.1368839,363.4170997,361.8618772,360.4440459,359.1425398,357.9407105,356.825183,355.7850572,354.8113381,353.8965199,353.034278,352.2192349,351.4467827,350.7129436,350.0142614,349.347715,348.7106491,348.1007177,347.5158387,346.9541559,346.4140077,345.8939015,345.3924913,344.9085596,344.4410015,343.9888118,343.5510728,343.1269451,342.7156588,342.3165062,341.9288353,341.552044,341.1855757,340.8289141,340.4815803,340.1431285,339.8131437,339.4912386,339.1770513,338.8702432,338.570497,338.277515,337.9910175,337.7107414,337.4364391,337.1678771,336.9048348,336.6471041,336.3944881,336.1468004,335.9038643,335.6655125,335.4315857,335.2019332,334.9764111,334.7548829,334.5372185,334.3232937,334.1129905,333.9061959,333.702802,333.502706
Spain,400.8075903,388.0822609,380.2635407,374.6923452,370.4001509,366.9287151,364.0262345,361.5400441,359.3708718,357.4506824,355.7308982,354.1756758,352.7578444,351.4563383,350.254509,349.1389816,348.0988558,347.1251366,346.2103185,345.3480765,344.5330335,343.7605812,343.0267421,342.3280599,341.6615135,341.0244476,340.4145163,339.8296373,339.2679544,338.7278063,338.2077,337.7062898,337.2223581,336.7548001,336.3026103,335.8648713,335.4407436,335.0294573,334.6303047,334.2426338,333.8658426,333.4993742,333.1427127,332.7953788,332.456927,332.1269422,331.8050371,331.4908498,331.1840417,330.8842955,330.5913135,330.304816,330.02454,329.7502377,329.4816756,329.2186333,328.9609026,328.7082866,328.4605989,328.2176629,327.979311,327.7453843,327.5157317,327.2902096,327.0686814,326.851017,326.6370923,326.426789,326.2199944,326.0166006,325.8165046
Sweden,446.5301048,433.8047754,425.9860552,420.4148597,416.1226654,412.6512296,409.748749,407.2625586,405.0933863,403.1731969,401.4534127,399.8981903,398.4803589,397.1788528,395.9770235,394.8614961,393.8213703,392.8476511,391.9328329,391.070591,390.255548,389.4830957,388.7492566,388.0505744,387.384028,386.7469621,386.1370308,385.5521518,384.9904689,384.4503207,383.9302145,383.4288043,382.9448726,382.4773146,382.0251248,381.5873858,381.1632581,380.7519718,380.3528192,379.9651483,379.5883571,379.2218887,378.8652272,378.5178933,378.1794415,377.8494567,377.5275516,377.2133643,376.9065562,376.60681,376.313828,376.0273305,375.7470544,375.4727521,375.2041901,374.9411478,374.6834171,374.4308011,374.1831134,373.9401774,373.7018255,373.4678988,373.2382462,373.0127241,372.7911959,372.5735315,372.3596068,372.1493035,371.9425089,371.7391151,371.539019
Switzerland,429.2631267,416.5377973,408.7190771,403.1478816,398.8556873,395.3842515,392.4817709,389.9955805,387.8264082,385.9062188,384.1864346,382.6312122,381.2133808,379.9118747,378.7100455,377.594518,376.5543922,375.580673,374.6658549,373.8036129,372.9885699,372.2161176,371.4822785,370.7835963,370.1170499,369.479984,368.8700527,368.2851737,367.7234908,367.1833427,366.6632364,366.1618262,365.6778945,365.2103365,364.7581467,364.3204077,363.89628,363.4849937,363.0858411,362.6981702,362.321379,361.9549106,361.5982491,361.2509152,360.9124634,360.5824786,360.2605735,359.9463862,359.6395781,359.3398319,359.0468499,358.7603524,358.4800764,358.2057741,357.937212,357.6741697,357.416439,357.163823,356.9161353,356.6731993,356.4348474,356.2009207,355.9712681,355.745746,355.5242178,355.3065534,355.0926287,354.8823254,354.6755308,354.472137,354.272041
United Kingdom,420.0431615,407.3178321,399.4991119,393.9279164,389.6357221,386.1642863,383.2618057,380.7756153,378.606443,376.6862536,374.9664694,373.411247,371.9934156,370.6919095,369.4900803,368.3745528,367.334427,366.3607078,365.4458897,364.5836477,363.7686047,362.9961524,362.2623133,361.5636311,360.8970847,360.2600188,359.6500875,359.0652085,358.5035256,357.9633775,357.4432712,356.941861,356.4579293,355.9903713,355.5381815,355.1004425,354.6763148,354.2650285,353.8658759,353.478205,353.1014138,352.7349454,352.3782839,352.03095,351.6924982,351.3625134,351.0406083,350.726421,350.4196129,350.1198667,349.8268847,349.5403872,349.2601112,348.9858089,348.7172468,348.4542045,348.1964738,347.9438578,347.6961701,347.4532341,347.2148822,346.9809555,346.7513029,346.5257808,346.3042526,346.0865882,345.8726635,345.6623602,345.4555656,345.2521718,345.0520758
United States,404.161393,391.4360636,383.6173434,378.0461479,373.7539536,370.2825178,367.3800372,364.8938468,362.7246745,360.8044851,359.0847009,357.5294785,356.1116472,354.810141,353.6083118,352.4927843,351.4526585,350.4789393,349.5641212,348.7018792,347.8868362,347.1143839,346.3805448,345.6818626,345.0153162,344.3782503,343.768319,343.18344,342.6217571,342.081609,341.5615027,341.0600925,340.5761608,340.1086028,339.656413,339.218674,338.7945463,338.38326,337.9841074,337.5964365,337.2196453,336.8531769,336.4965154,336.1491815,335.8107297,335.4807449,335.1588398,334.8446525,334.5378444,334.2380982,333.9451162,333.6586187,333.3783427,333.1040404,332.8354783,332.572436,332.3147053,332.0620894,331.8144016,331.5714656,331.3331137,331.099187,330.8695344,330.6440123,330.4224841,330.2048197,329.990895,329.7805917,329.5737971,329.3704033,329.1703073
